word,count
supabase,952
like,881
data,833
database,801
new,706
time,591
perplexity,572
postgres,529
fly,511
get,507
need,500
app,498
code,486
users,481
any,473
want,464
run,456
make,437
first,428
work,413
user,396
api,395
server,377
model,348
access,347
file,338
project,334
create,333
way,331
build,322
even,312
search,309
every,302
let,284
see,283
without,283
set,283
application,280
example,273
table,272
information,272
functions,262
support,261
security,260
start,258
write,256
models,256
running,251
across,248
machine,246
features,246
read,245
sqlite,244
storage,242
today,240
open,238
single,237
page,236
function,236
performance,231
system,228
different,223
next,222
tools,219
platform,219
process,214
take,212
query,212
source,211
edge,210
applications,210
client,210
find,209
request,208
apps,207
people,206
built,205
changes,203
simple,202
building,202
tokens,201
better,199
pro,199
token,198
since,198
things,197
real,193
world,189
node,188
available,187
many,185
lot,184
well,183
web,183
sql,182
means,182
team,182
add,179
state,178
comet,178
